{"cameraMode":{"drawMode":0,"name":"Shaded","section":"Shading Mode"},"sceneLighting":false,"audioPlay":false,"sceneViewState":{"showFog":true,"showMaterialUpdate":false,"showSkybox":false,"showFlares":true,"showImageEffects":true,"showParticleSystems":true},"in2DMode":false,"pivot":{"x":859.5,"y":360.6500244140625,"z":0.00006103515625},"rotation":{"x":0.01799400895833969,"y":-0.02369772084057331,"z":0.0004266058385837823,"w":0.9995579123497009},"size":632.6782836914063,"orthographic":true}