{"cameraMode":{"drawMode":0,"name":"Shaded","section":"Shading Mode"},"sceneLighting":true,"audioPlay":false,"sceneViewState":{"showFog":true,"showMaterialUpdate":false,"showSkybox":true,"showFlares":true,"showImageEffects":true,"showParticleSystems":true},"in2DMode":false,"pivot":{"x":965.7841796875,"y":432.45733642578127,"z":-54.5001220703125},"rotation":{"x":0.01799400895833969,"y":-0.02369772084057331,"z":0.0004266058385837823,"w":0.9995579123497009},"size":501.297119140625,"orthographic":true}